{
  "answers": {
    "phase": "architecture",
    "action": "architectural decision",
    "scope": "uml component",
    "action experience": 1,
    "target": "txt/doc",
    "aimodel": "chatgpt 4o",
    "tool option": "online full",
    "experience with tool": 3,
    "time allocated (h)": "0.5",
    "time saved estimate (h)": "1",
    "quality of ai help": 2,
    "knowledge acquired": 2,
    "generic feeling - now": 3,
    "generic feeling - future": 3,
    "threat level": 2,
    "notes": ""
  }
}