{
  "answers": {
    "phase": "requirements specification",
    "action": "requirements (functional)",
    "scope": "uml use case",
    "action experience": 2,
    "target": "n/a",
    "aimodel": "chatgpt 4o",
    "tool option": "online free",
    "experience with tool": 3,
    "time allocated (h)": "0.5",
    "time saved estimate (h)": "1.5",
    "quality of ai help": 4,
    "knowledge acquired": 1,
    "generic feeling - now": 5,
    "generic feeling - future": 4,
    "threat level": 2,
    "notes": ""
  }
}