{
  "answers": {
    "phase": "architecture",
    "action": "architectural style selection",
    "scope": "uml component",
    "action experience": 2,
    "target": "microservices",
    "aimodel": "chatgpt 4o",
    "tool option": "online free",
    "experience with tool": 3,
    "time allocated (h)": "0.5",
    "time saved estimate (h)": "1",
    "quality of ai help": 3,
    "knowledge acquired": 2,
    "generic feeling - now": 5,
    "generic feeling - future": 4,
    "threat level": 2,
    "notes": ""
  }
}